fips,county,state,Under18,Over18
01001,Autauga County,AL,65.63245823389022,24.19047619047619
01003,Baldwin County,AL,NA,0.5079365079365079
01007,Bibb County,AL,NA,44.82539682539682
01009,Blount County,AL,NA,52.888888888888886
01015,Calhoun County,AL,NA,2.412698412698413
01031,Coffee County,AL,NA,30.476190476190478
01035,Conecuh County,AL,98.09069212410502,NA
01039,Covington County,AL,72.0763723150358,72.76190476190476
01051,Elmore County,AL,NA,29.714285714285715
01053,Escambia County,AL,69.21241050119332,25.460317460317462
01059,Franklin County,AL,NA,43.047619047619044
01071,Jackson County,AL,NA,32.761904761904766
01073,Jefferson County,AL,32.93556085918855,31.492063492063494
01075,Lamar County,AL,NA,74.92063492063492
01077,Lauderdale County,AL,NA,30.0952380952381
01079,Lawrence County,AL,NA,34.095238095238095
01083,Limestone County,AL,NA,41.01587301587302
01089,Madison County,AL,NA,0.9523809523809524
01093,Marion County,AL,NA,59.492063492063494
01095,Marshall County,AL,45.346062052505964,NA
01097,Mobile County,AL,NA,10.031746031746032
01103,Morgan County,AL,NA,9.206349206349207
01105,Perry County,AL,NA,94.98412698412699
01113,Russell County,AL,NA,24.698412698412696
01117,Shelby County,AL,NA,1.1428571428571428
01121,Talladega County,AL,41.05011933174224,5.714285714285714
01123,Tallapoosa County,AL,NA,25.77777777777778
01125,Tuscaloosa County,AL,NA,0.12698412698412698
01133,Winston County,AL,NA,55.047619047619044
02020,Anchorage Municipality,AK,NA,19.936507936507937
02090,Fairbanks North Star Borough,AK,60.381861575178995,NA
02110,Juneau City and Borough,AK,88.06682577565633,NA
02122,Kenai Peninsula Borough,AK,NA,21.07936507936508
02130,Ketchikan Gateway Borough,AK,NA,76.6984126984127
02220,Sitka City and Borough,AK,NA,71.17460317460318
04001,Apache County,AZ,23.627684964200476,37.46031746031746
04003,Cochise County,AZ,NA,48.06349206349206
04005,Coconino County,AZ,37.94749403341289,1.9682539682539684
04013,Maricopa County,AZ,9.54653937947494,17.523809523809526
04015,Mohave County,AZ,NA,1.7777777777777777
04017,Navajo County,AZ,NA,3.2380952380952377
04019,Pima County,AZ,NA,26.412698412698415
04021,Pinal County,AZ,NA,25.26984126984127
04023,Santa Cruz County,AZ,NA,25.142857142857146
04025,Yavapai County,AZ,NA,0
04027,Yuma County,AZ,70.64439140811456,64.12698412698413
05005,Baxter County,AR,NA,87.87301587301587
05007,Benton County,AR,NA,2.0952380952380953
05009,Boone County,AR,NA,38.476190476190474
05011,Bradley County,AR,NA,82.41269841269842
05015,Carroll County,AR,NA,76.44444444444444
05017,Chicot County,AR,NA,99.4920634920635
05029,Conway County,AR,NA,73.01587301587301
05031,Craighead County,AR,NA,29.968253968253965
05033,Crawford County,AR,NA,54.34920634920635
05035,Crittenden County,AR,NA,60.698412698412696
05041,Desha County,AR,NA,78.22222222222223
05061,Howard County,AR,NA,91.42857142857143
05069,Jefferson County,AR,NA,33.46031746031746
05071,Johnson County,AR,NA,93.07936507936509
05075,Lawrence County,AR,NA,88.06349206349206
05085,Lonoke County,AR,NA,18.412698412698415
05087,Madison County,AR,NA,96.95238095238096
05115,Pope County,AR,NA,27.746031746031747
05119,Pulaski County,AR,NA,3.492063492063492
05123,St. Francis County,AR,NA,79.36507936507937
05125,Saline County,AR,NA,86.53968253968254
05131,Sebastian County,AR,NA,25.206349206349206
05137,Stone County,AR,NA,69.3968253968254
05141,Van Buren County,AR,NA,89.39682539682539
05143,Washington County,AR,NA,62.73015873015873
06001,Alameda County,CA,2.863961813842482,21.841269841269842
06005,Amador County,CA,NA,42.53968253968254
06007,Butte County,CA,21.002386634844868,84.57142857142857
06011,Colusa County,CA,NA,79.80952380952381
06013,Contra Costa County,CA,NA,42.47619047619048
06015,Del Norte County,CA,NA,50.98412698412699
06017,El Dorado County,CA,NA,71.87301587301587
06019,Fresno County,CA,1.9093078758949882,30.857142857142854
06023,Humboldt County,CA,NA,48.31746031746032
06025,Imperial County,CA,35.32219570405728,34.73015873015873
06027,Inyo County,CA,NA,97.46031746031746
06029,Kern County,CA,NA,5.142857142857142
06031,Kings County,CA,45.82338902147971,33.07936507936508
06033,Lake County,CA,75.41766109785203,61.65079365079366
06035,Lassen County,CA,NA,64.95238095238095
06037,Los Angeles County,CA,6.682577565632458,12
06039,Madera County,CA,NA,5.841269841269842
06041,Marin County,CA,NA,61.46031746031746
06045,Mendocino County,CA,NA,79.3015873015873
06047,Merced County,CA,19.809069212410503,33.96825396825397
06049,Modoc County,CA,NA,85.65079365079366
06051,Mono County,CA,NA,99.61904761904762
06053,Monterey County,CA,22.673031026252982,91.80952380952381
06055,Napa County,CA,NA,19.365079365079367
06057,Nevada County,CA,NA,63.301587301587304
06059,Orange County,CA,0.9546539379474941,2.666666666666667
06061,Placer County,CA,NA,51.682539682539684
06063,Plumas County,CA,NA,94.6031746031746
06065,Riverside County,CA,7.159904534606206,21.777777777777775
06067,Sacramento County,CA,5.4892601431980905,25.587301587301585
06071,San Bernardino County,CA,11.933174224343675,18.857142857142858
06073,San Diego County,CA,30.54892601431981,14.222222222222221
06075,San Francisco County,CA,NA,28.000000000000004
06077,San Joaquin County,CA,25.775656324582343,3.619047619047619
06079,San Luis Obispo County,CA,NA,6.5396825396825395
06081,San Mateo County,CA,NA,61.142857142857146
06085,Santa Clara County,CA,19.331742243436754,15.746031746031747
06087,Santa Cruz County,CA,NA,36.698412698412696
06089,Shasta County,CA,NA,39.301587301587304
06093,Siskiyou County,CA,83.53221957040573,86.15873015873015
06095,Solano County,CA,40.09546539379475,32.317460317460316
06097,Sonoma County,CA,NA,8.253968253968253
06099,Stanislaus County,CA,13.126491646778044,8
06101,Sutter County,CA,NA,52.25396825396825
06103,Tehama County,CA,NA,55.80952380952381
06107,Tulare County,CA,NA,6.7936507936507935
06109,Tuolumne County,CA,NA,51.87301587301587
06111,Ventura County,CA,4.295942720763723,41.65079365079365
06113,Yolo County,CA,NA,43.301587301587304
06115,Yuba County,CA,NA,95.36507936507937
08001,Adams County,CO,33.17422434367542,13.714285714285715
08003,Alamosa County,CO,NA,78.92063492063492
08005,Arapahoe County,CO,18.138424821002385,30.603174603174605
08007,Archuleta County,CO,NA,67.80952380952381
08013,Boulder County,CO,NA,24.571428571428573
08029,Delta County,CO,90.9307875894988,86.03174603174604
08031,Denver County,CO,8.353221957040573,1.5873015873015872
08035,Douglas County,CO,NA,35.87301587301587
08039,Elbert County,CO,NA,82.28571428571428
08041,El Paso County,CO,27.20763723150358,28.825396825396826
08045,Garfield County,CO,NA,29.3968253968254
08051,Gunnison County,CO,NA,86.79365079365078
08055,Huerfano County,CO,NA,84.82539682539682
08059,Jefferson County,CO,38.424821002386636,10.285714285714285
08063,Kit Carson County,CO,99.76133651551312,NA
08067,La Plata County,CO,NA,74.09523809523809
08069,Larimer County,CO,20.047732696897373,73.52380952380952
08075,Logan County,CO,84.7255369928401,NA
08077,Mesa County,CO,NA,15.174603174603174
08081,Moffat County,CO,NA,59.111111111111114
08087,Morgan County,CO,NA,23.746031746031747
08089,Otero County,CO,NA,93.84126984126983
08099,Prowers County,CO,NA,87.17460317460318
08101,Pueblo County,CO,54.41527446300716,18.92063492063492
08117,Summit County,CO,NA,97.2063492063492
08119,Teller County,CO,97.3747016706444,NA
08123,Weld County,CO,NA,27.61904761904762
09001,Fairfield County,CT,57.995226730310264,62.28571428571429
09003,Hartford County,CT,16.2291169451074,32.38095238095238
09005,Litchfield County,CT,NA,10.603174603174603
09007,Middlesex County,CT,50.35799522673031,80.12698412698413
09009,New Haven County,CT,12.17183770883055,48.698412698412696
09011,New London County,CT,NA,71.23809523809524
09013,Tolland County,CT,47.25536992840095,32.82539682539682
09015,Windham County,CT,NA,51.93650793650794
10001,Kent County,DE,NA,4.9523809523809526
10003,New Castle County,DE,56.801909307875896,16.444444444444446
10005,Sussex County,DE,42.959427207637226,0.6984126984126984
11001,District of Columbia,DC,NA,49.46031746031746
12001,Alachua County,FL,NA,1.2698412698412698
12005,Bay County,FL,54.8926014319809,5.396825396825397
12009,Brevard County,FL,18.615751789976134,26.53968253968254
12011,Broward County,FL,5.966587112171838,3.8730158730158735
12015,Charlotte County,FL,NA,44.317460317460316
12017,Citrus County,FL,NA,9.46031746031746
12019,Clay County,FL,NA,6.666666666666667
12021,Collier County,FL,NA,44.698412698412696
12023,Columbia County,FL,NA,10.34920634920635
12031,Duval County,FL,32.21957040572792,20.126984126984127
12033,Escambia County,FL,NA,7.174603174603175
12035,Flagler County,FL,NA,88.6984126984127
12039,Gadsden County,FL,NA,46.98412698412698
12051,Hendry County,FL,NA,38.285714285714285
12053,Hernando County,FL,72.79236276849642,26.6031746031746
12055,Highlands County,FL,NA,18.6031746031746
12057,Hillsborough County,FL,9.069212410501192,21.714285714285715
12059,Holmes County,FL,NA,93.33333333333333
12063,Jackson County,FL,NA,20.444444444444446
12069,Lake County,FL,NA,6.158730158730159
12071,Lee County,FL,9.307875894988067,75.61904761904762
12073,Leon County,FL,NA,33.14285714285714
12081,Manatee County,FL,23.86634844868735,38.22222222222222
12083,Marion County,FL,NA,8.380952380952381
12085,Martin County,FL,NA,76.12698412698413
12086,Miami-Dade County,FL,0.47732696897374705,10.666666666666668
12089,Nassau County,FL,NA,6.222222222222222
12091,Okaloosa County,FL,NA,67.23809523809524
12095,Orange County,FL,NA,13.333333333333334
12097,Osceola County,FL,NA,21.015873015873016
12099,Palm Beach County,FL,14.081145584725538,29.079365079365076
12101,Pasco County,FL,NA,11.174603174603174
12103,Pinellas County,FL,31.5035799522673,22.285714285714285
12105,Polk County,FL,NA,12.317460317460318
12107,Putnam County,FL,NA,26.285714285714285
12109,St. Johns County,FL,NA,19.61904761904762
12111,St. Lucie County,FL,NA,39.49206349206349
12113,Santa Rosa County,FL,NA,0.19047619047619047
12115,Sarasota County,FL,24.821002386634845,7.0476190476190474
12117,Seminole County,FL,29.355608591885442,2.920634920634921
12119,Sumter County,FL,NA,17.71428571428571
12127,Volusia County,FL,16.467780429594274,80.5079365079365
12131,Walton County,FL,NA,69.2063492063492
12133,Washington County,FL,NA,42.285714285714285
13015,Bartow County,GA,NA,31.555555555555554
13019,Berrien County,GA,NA,68.25396825396825
13021,Bibb County,GA,NA,24
13029,Bryan County,GA,NA,83.3015873015873
13031,Bulloch County,GA,NA,22.666666666666664
13033,Burke County,GA,96.65871121718376,NA
13043,Candler County,GA,NA,76.31746031746032
13045,Carroll County,GA,NA,18.793650793650794
13047,Catoosa County,GA,85.20286396181385,NA
13051,Chatham County,GA,NA,6.349206349206349
13055,Chattooga County,GA,89.97613365155132,NA
13057,Cherokee County,GA,NA,9.523809523809524
13059,Clarke County,GA,NA,7.746031746031747
13063,Clayton County,GA,28.162291169451077,15.238095238095239
13067,Cobb County,GA,NA,27.047619047619047
13069,Coffee County,GA,NA,41.523809523809526
13073,Columbia County,GA,NA,14.539682539682538
13075,Cook County,GA,NA,77.39682539682539
13077,Coweta County,GA,NA,34.15873015873016
13081,Crisp County,GA,NA,45.2063492063492
13089,DeKalb County,GA,NA,6.2857142857142865
13095,Dougherty County,GA,NA,22.41269841269841
13097,Douglas County,GA,NA,57.14285714285714
13111,Fannin County,GA,NA,48.25396825396825
13113,Fayette County,GA,NA,9.587301587301587
13115,Floyd County,GA,46.30071599045346,NA
13117,Forsyth County,GA,48.6873508353222,4.317460317460318
13121,Fulton County,GA,4.77326968973747,24.50793650793651
13127,Glynn County,GA,NA,40.25396825396825
13135,Gwinnett County,GA,10.739856801909307,4.761904761904762
13139,Hall County,GA,46.53937947494033,NA
13147,Hart County,GA,NA,80.88888888888889
13151,Henry County,GA,NA,36.25396825396825
13153,Houston County,GA,NA,26.79365079365079
13155,Irwin County,GA,NA,94.28571428571428
13157,Jackson County,GA,NA,38.095238095238095
13161,Jeff Davis County,GA,NA,70.66666666666667
13163,Jefferson County,GA,NA,81.52380952380952
13167,Johnson County,GA,NA,90.73015873015873
13171,Lamar County,GA,NA,78.28571428571428
13173,Lanier County,GA,NA,96.44444444444444
13185,Lowndes County,GA,NA,22.22222222222222
13195,Madison County,GA,NA,44
13199,Meriwether County,GA,95.4653937947494,NA
13205,Mitchell County,GA,NA,57.714285714285715
13215,Muscogee County,GA,53.46062052505967,11.873015873015873
13217,Newton County,GA,49.88066825775656,55.87301587301587
13235,Pulaski County,GA,NA,92.88888888888889
13241,Rabun County,GA,NA,77.96825396825396
13245,Richmond County,GA,NA,6.603174603174604
13247,Rockdale County,GA,NA,35.36507936507937
13267,Tattnall County,GA,NA,68.63492063492063
13277,Tift County,GA,NA,48.507936507936506
13285,Troup County,GA,NA,27.555555555555557
13317,Wilkes County,GA,NA,99.17460317460318
13321,Worth County,GA,NA,62.476190476190474
15001,Hawaii County,HI,NA,81.07936507936509
15003,Honolulu County,HI,36.0381861575179,48.12698412698413
16001,Ada County,ID,29.832935560859188,44.12698412698413
16013,Blaine County,ID,NA,45.84126984126984
16019,Bonneville County,ID,47.97136038186158,5.904761904761905
16027,Canyon County,ID,37.70883054892602,7.8730158730158735
16035,Clearwater County,ID,NA,71.11111111111111
16045,Gem County,ID,NA,75.74603174603175
16049,Idaho County,ID,NA,86.28571428571429
16053,Jerome County,ID,NA,68.38095238095238
16055,Kootenai County,ID,NA,9.333333333333334
16057,Latah County,ID,NA,58.41269841269842
16059,Lemhi County,ID,NA,99.11111111111111
16069,Nez Perce County,ID,NA,68.82539682539682
16083,Twin Falls County,ID,NA,70.47619047619048
16085,Valley County,ID,NA,95.74603174603175
16087,Washington County,ID,94.5107398568019,NA
17001,Adams County,IL,NA,84.25396825396825
17007,Boone County,IL,NA,85.01587301587301
17011,Bureau County,IL,NA,83.23809523809523
17019,Champaign County,IL,NA,66.47619047619048
17029,Coles County,IL,NA,45.904761904761905
17031,Cook County,IL,16.94510739856802,48.63492063492064
17037,DeKalb County,IL,NA,71.55555555555554
17043,DuPage County,IL,29.116945107398568,68.19047619047619
17045,Edgar County,IL,NA,81.14285714285714
17049,Effingham County,IL,NA,47.11111111111111
17051,Fayette County,IL,NA,93.77777777777779
17053,Ford County,IL,NA,85.14285714285714
17055,Franklin County,IL,NA,55.36507936507936
17057,Fulton County,IL,NA,52.19047619047619
17063,Grundy County,IL,NA,68.12698412698413
17073,Henry County,IL,NA,91.23809523809524
17075,Iroquois County,IL,NA,65.71428571428571
17077,Jackson County,IL,NA,54.98412698412698
17079,Jasper County,IL,NA,81.71428571428572
17085,Jo Daviess County,IL,NA,91.55555555555556
17089,Kane County,IL,NA,43.238095238095234
17091,Kankakee County,IL,88.3054892601432,95.04761904761905
17093,Kendall County,IL,NA,29.015873015873016
17095,Knox County,IL,NA,65.84126984126985
17097,Lake County,IL,32.4582338902148,43.17460317460318
17099,LaSalle County,IL,NA,83.36507936507937
17103,Lee County,IL,NA,66.92063492063492
17105,Livingston County,IL,NA,84
17111,McHenry County,IL,NA,33.26984126984127
17113,McLean County,IL,76.84964200477327,72.19047619047619
17115,Macon County,IL,NA,85.46031746031746
17117,Macoupin County,IL,NA,27.49206349206349
17119,Madison County,IL,NA,60.253968253968246
17121,Marion County,IL,NA,81.33333333333333
17133,Monroe County,IL,NA,55.68253968253968
17135,Montgomery County,IL,NA,49.142857142857146
17137,Morgan County,IL,91.40811455847255,NA
17139,Moultrie County,IL,NA,79.87301587301587
17141,Ogle County,IL,NA,76
17143,Peoria County,IL,NA,72.31746031746032
17145,Perry County,IL,NA,97.14285714285714
17157,Randolph County,IL,66.82577565632458,97.96825396825398
17161,Rock Island County,IL,NA,19.682539682539684
17163,St. Clair County,IL,NA,5.333333333333334
17165,Saline County,IL,NA,75.80952380952381
17167,Sangamon County,IL,NA,11.3015873015873
17177,Stephenson County,IL,92.12410501193318,95.4920634920635
17179,Tazewell County,IL,NA,61.58730158730159
17181,Union County,IL,NA,60.38095238095238
17183,Vermilion County,IL,NA,39.55555555555556
17185,Wabash County,IL,NA,92.6984126984127
17189,Washington County,IL,NA,96.5079365079365
17191,Wayne County,IL,NA,96
17195,Whiteside County,IL,73.9856801909308,31.238095238095237
17197,Will County,IL,50.59665871121718,24.634920634920636
17199,Williamson County,IL,NA,82.34920634920636
17201,Winnebago County,IL,42.720763723150355,68.76190476190476
18001,Adams County,IN,NA,64.38095238095238
18003,Allen County,IN,NA,43.74603174603175
18005,Bartholomew County,IN,NA,22.857142857142858
18009,Blackford County,IN,NA,80.25396825396825
18011,Boone County,IN,NA,27.3015873015873
18013,Brown County,IN,NA,69.26984126984127
18017,Cass County,IN,41.527446300715994,88.38095238095238
18019,Clark County,IN,NA,30.349206349206348
18027,Daviess County,IN,NA,33.20634920634921
18029,Dearborn County,IN,NA,59.36507936507937
18031,Decatur County,IN,82.57756563245823,86.4126984126984
18033,DeKalb County,IN,70.16706443914082,27.873015873015873
18035,Delaware County,IN,57.756563245823386,38.98412698412698
18037,Dubois County,IN,NA,80.19047619047619
18039,Elkhart County,IN,NA,52.06349206349207
18041,Fayette County,IN,NA,19.428571428571427
18043,Floyd County,IN,NA,51.17460317460317
18045,Fountain County,IN,NA,53.269841269841265
18047,Franklin County,IN,NA,90.92063492063492
18049,Fulton County,IN,NA,52.761904761904766
18051,Gibson County,IN,NA,79.23809523809524
18053,Grant County,IN,NA,29.20634920634921
18055,Greene County,IN,NA,69.84126984126983
18057,Hamilton County,IN,NA,51.301587301587304
18059,Hancock County,IN,64.9164677804296,75.4920634920635
18063,Hendricks County,IN,NA,70.22222222222221
18065,Henry County,IN,92.60143198090692,92.63492063492063
18067,Howard County,IN,38.18615751789976,25.015873015873012
18069,Huntington County,IN,NA,20.88888888888889
18073,Jasper County,IN,NA,54.22222222222223
18075,Jay County,IN,NA,82.73015873015873
18077,Jefferson County,IN,NA,85.90476190476191
18079,Jennings County,IN,NA,36
18081,Johnson County,IN,NA,7.809523809523809
18083,Knox County,IN,NA,72
18085,Kosciusko County,IN,NA,42.92063492063492
18087,LaGrange County,IN,NA,70.28571428571428
18089,Lake County,IN,31.980906921241047,60.317460317460316
18091,LaPorte County,IN,55.847255369928405,12.571428571428573
18095,Madison County,IN,58.94988066825776,34.66666666666667
18097,Marion County,IN,NA,1.3333333333333335
18099,Marshall County,IN,NA,71.04761904761905
18103,Miami County,IN,NA,85.39682539682539
18109,Morgan County,IN,73.50835322195705,61.39682539682539
18113,Noble County,IN,NA,47.23809523809524
18123,Perry County,IN,NA,64.06349206349206
18127,Porter County,IN,NA,61.01587301587301
18129,Posey County,IN,NA,64.31746031746032
18133,Putnam County,IN,89.02147971360382,81.26984126984127
18135,Randolph County,IN,NA,77.58730158730158
18137,Ripley County,IN,NA,96.19047619047619
18139,Rush County,IN,NA,54.73015873015873
18141,St. Joseph County,IN,27.44630071599045,13.968253968253968
18145,Shelby County,IN,NA,70.34920634920636
18151,Steuben County,IN,NA,28.063492063492063
18157,Tippecanoe County,IN,NA,56.38095238095238
18163,Vanderburgh County,IN,NA,27.111111111111114
18167,Vigo County,IN,NA,18.539682539682538
18169,Wabash County,IN,NA,31.682539682539684
18173,Warrick County,IN,NA,39.61904761904762
18177,Wayne County,IN,NA,5.777777777777778
18179,Wells County,IN,NA,53.07936507936508
18183,Whitley County,IN,NA,23.238095238095237
19007,Appanoose County,IA,NA,89.07936507936508
19013,Black Hawk County,IA,NA,44.57142857142857
19015,Boone County,IA,NA,88.95238095238095
19017,Bremer County,IA,NA,91.3015873015873
19019,Buchanan County,IA,NA,93.58730158730158
19029,Cass County,IA,NA,94.92063492063491
19033,Cerro Gordo County,IA,NA,40.82539682539682
19035,Cherokee County,IA,NA,99.42857142857143
19037,Chickasaw County,IA,NA,98.15873015873015
19039,Clarke County,IA,NA,80.57142857142857
19041,Clay County,IA,NA,94.73015873015873
19045,Clinton County,IA,NA,49.2063492063492
19047,Crawford County,IA,99.28400954653938,NA
19055,Delaware County,IA,NA,87.68253968253968
19057,Des Moines County,IA,NA,88.5079365079365
19059,Dickinson County,IA,NA,50.15873015873016
19073,Greene County,IA,NA,90.53968253968254
19079,Hamilton County,IA,NA,75.3015873015873
19085,Harrison County,IA,NA,87.36507936507937
19087,Henry County,IA,NA,94.7936507936508
19089,Howard County,IA,NA,98.92063492063492
19091,Humboldt County,IA,NA,86.09523809523809
19099,Jasper County,IA,98.32935560859188,87.42857142857143
19103,Johnson County,IA,NA,15.619047619047619
19109,Kossuth County,IA,NA,97.39682539682539
19111,Lee County,IA,NA,46.15873015873016
19113,Linn County,IA,48.21002386634845,31.428571428571427
19115,Louisa County,IA,NA,93.2063492063492
19123,Mahaska County,IA,94.03341288782816,95.42857142857143
19125,Marion County,IA,98.80668257756562,76.57142857142857
19127,Marshall County,IA,NA,34.92063492063492
19131,Mitchell County,IA,NA,85.26984126984128
19135,Monroe County,IA,NA,82.7936507936508
19139,Muscatine County,IA,NA,45.58730158730159
19141,O'Brien County,IA,NA,85.5873015873016
19145,Page County,IA,NA,90.4126984126984
19147,Palo Alto County,IA,NA,96.6984126984127
19149,Plymouth County,IA,NA,60.44444444444444
19153,Polk County,IA,NA,32.19047619047619
19155,Pottawattamie County,IA,NA,54.85714285714286
19163,Scott County,IA,36.754176610978526,56.57142857142857
19165,Shelby County,IA,NA,64.25396825396825
19167,Sioux County,IA,NA,66.41269841269842
19169,Story County,IA,NA,56.31746031746032
19175,Union County,IA,NA,47.80952380952381
19179,Wapello County,IA,79.23627684964201,95.93650793650794
19181,Warren County,IA,NA,53.3968253968254
19191,Winneshiek County,IA,NA,87.04761904761905
19193,Woodbury County,IA,NA,25.9047619047619
20001,Allen County,KS,NA,87.4920634920635
20003,Anderson County,KS,NA,84.76190476190476
20009,Barton County,KS,NA,98.79365079365078
20011,Bourbon County,KS,NA,85.33333333333334
20013,Brown County,KS,NA,97.84126984126983
20015,Butler County,KS,NA,72.88888888888889
20027,Clay County,KS,NA,84.5079365079365
20029,Cloud County,KS,NA,93.52380952380952
20035,Cowley County,KS,NA,38.53968253968254
20037,Crawford County,KS,NA,91.68253968253968
20041,Dickinson County,KS,NA,99.55555555555556
20045,Douglas County,KS,NA,10.222222222222223
20051,Ellis County,KS,NA,67.36507936507937
20053,Ellsworth County,KS,NA,97.71428571428571
20055,Finney County,KS,NA,57.079365079365076
20057,Ford County,KS,NA,93.46031746031747
20059,Franklin County,KS,NA,75.1111111111111
20061,Geary County,KS,NA,95.23809523809523
20067,Grant County,KS,99.0453460620525,97.26984126984128
20073,Greenwood County,KS,NA,99.93650793650794
20079,Harvey County,KS,NA,60.82539682539683
20085,Jackson County,KS,NA,92.44444444444444
20091,Johnson County,KS,NA,40.6984126984127
20103,Leavenworth County,KS,NA,69.77777777777779
20111,Lyon County,KS,NA,46.79365079365079
20113,McPherson County,KS,NA,95.17460317460318
20121,Miami County,KS,NA,74.79365079365078
20123,Mitchell County,KS,NA,97.33333333333334
20125,Montgomery County,KS,NA,47.87301587301587
20131,Nemaha County,KS,NA,95.61904761904762
20133,Neosho County,KS,NA,93.71428571428572
20147,Phillips County,KS,NA,99.3015873015873
20149,Pottawatomie County,KS,NA,79.68253968253968
20155,Reno County,KS,NA,37.2063492063492
20161,Riley County,KS,NA,53.77777777777778
20167,Russell County,KS,NA,98.85714285714286
20171,Scott County,KS,NA,62.857142857142854
20173,Sedgwick County,KS,NA,17.841269841269842
20175,Seward County,KS,NA,72.57142857142857
20177,Shawnee County,KS,63.0071599045346,87.55555555555556
20181,Sherman County,KS,NA,77.90476190476191
20189,Stevens County,KS,NA,96.82539682539682
20193,Thomas County,KS,NA,75.55555555555556
20205,Wilson County,KS,NA,98.73015873015873
20209,Wyandotte County,KS,NA,11.11111111111111
21009,Barren County,KY,NA,11.936507936507937
21013,Bell County,KY,72.55369928400954,NA
21015,Boone County,KY,NA,2.5396825396825395
21017,Bourbon County,KY,NA,49.96825396825397
21019,Boyd County,KY,44.39140811455847,4
21021,Boyle County,KY,NA,75.87301587301587
21025,Breathitt County,KY,NA,81.96825396825396
21029,Bullitt County,KY,62.29116945107399,NA
21031,Butler County,KY,NA,77.07936507936508
21035,Calloway County,KY,NA,44.06349206349206
21037,Campbell County,KY,NA,5.65079365079365
21041,Carroll County,KY,NA,79.55555555555556
21043,Carter County,KY,NA,70.73015873015873
21051,Clay County,KY,NA,30.984126984126988
21057,Cumberland County,KY,NA,64.19047619047619
21059,Daviess County,KY,47.01670644391408,90.98412698412699
21067,Fayette County,KY,NA,16.126984126984127
21075,Fulton County,KY,NA,78.7936507936508
21081,Grant County,KY,NA,61.33333333333333
21085,Grayson County,KY,NA,49.84126984126984
21089,Greenup County,KY,NA,34.285714285714285
21093,Hardin County,KY,NA,3.7460317460317456
21095,Harlan County,KY,NA,47.36507936507937
21101,Henderson County,KY,NA,87.74603174603175
21107,Hopkins County,KY,65.8711217183771,NA
21111,Jefferson County,KY,NA,0.31746031746031744
21113,Jessamine County,KY,83.05489260143199,23.809523809523807
21117,Kenton County,KY,NA,14.285714285714285
21119,Knott County,KY,NA,99.36507936507937
21121,Knox County,KY,NA,46.22222222222222
21129,Lee County,KY,NA,82.66666666666667
21137,Lincoln County,KY,86.39618138424821,47.3015873015873
21145,McCracken County,KY,NA,25.396825396825395
21147,McCreary County,KY,NA,76.95238095238095
21151,Madison County,KY,NA,23.49206349206349
21155,Marion County,KY,NA,66.03174603174602
21157,Marshall County,KY,NA,53.333333333333336
21177,Muhlenberg County,KY,NA,38.60317460317461
21179,Nelson County,KY,71.36038186157518,73.84126984126983
21181,Nicholas County,KY,NA,75.93650793650794
21183,Ohio County,KY,NA,61.26984126984127
21185,Oldham County,KY,NA,25.333333333333336
21193,Perry County,KY,NA,51.746031746031754
21197,Powell County,KY,NA,86.85714285714286
21199,Pulaski County,KY,NA,10.73015873015873
21203,Rockcastle County,KY,NA,92.06349206349206
21205,Rowan County,KY,NA,23.3015873015873
21207,Russell County,KY,NA,52.44444444444445
21209,Scott County,KY,NA,56.06349206349206
21217,Taylor County,KY,NA,43.61904761904762
21221,Trigg County,KY,NA,98.60317460317461
21225,Union County,KY,NA,73.33333333333333
21229,Washington County,KY,97.85202863961814,NA
21231,Wayne County,KY,NA,73.65079365079366
21235,Whitley County,KY,NA,30.73015873015873
22001,Acadia Parish,LA,NA,28.6984126984127
22005,Ascension Parish,LA,21.241050119331742,38.34920634920635
22007,Assumption Parish,LA,NA,70.03174603174604
22011,Beauregard Parish,LA,NA,28.952380952380953
22015,Bossier Parish,LA,75.17899761336515,54.920634920634924
22017,Caddo Parish,LA,3.1026252983293556,13.26984126984127
22019,Calcasieu Parish,LA,NA,51.11111111111111
22021,Caldwell Parish,LA,NA,91.61904761904762
22033,East Baton Rouge Parish,LA,26.968973747016705,42.98412698412699
22039,Evangeline Parish,LA,NA,71.80952380952381
22041,Franklin Parish,LA,NA,35.23809523809524
22045,Iberia Parish,LA,NA,32.507936507936506
22049,Jackson Parish,LA,NA,67.93650793650794
22051,Jefferson Parish,LA,12.410501193317423,22.03174603174603
22055,Lafayette Parish,LA,5.250596658711217,34.41269841269841
22057,Lafourche Parish,LA,18.85441527446301,77.20634920634922
22059,La Salle Parish,LA,NA,90.34920634920634
22063,Livingston Parish,LA,NA,7.111111111111111
22067,Morehouse Parish,LA,NA,35.93650793650794
22071,Orleans Parish,LA,10.26252983293556,19.49206349206349
22073,Ouachita Parish,LA,NA,0.38095238095238093
22075,Plaquemines Parish,LA,NA,77.26984126984127
22077,Pointe Coupee Parish,LA,87.11217183770883,89.65079365079364
22079,Rapides Parish,LA,43.914081145584724,7.238095238095238
22083,Richland Parish,LA,NA,32.06349206349206
22085,Sabine Parish,LA,NA,62.79365079365079
22087,St. Bernard Parish,LA,NA,20.761904761904763
22089,St. Charles Parish,LA,NA,47.492063492063494
22095,St. John the Baptist Parish,LA,NA,15.428571428571427
22097,St. Landry Parish,LA,NA,61.523809523809526
22099,St. Martin Parish,LA,44.1527446300716,NA
22103,St. Tammany Parish,LA,3.579952267303103,46.6031746031746
22105,Tangipahoa Parish,LA,NA,17.96825396825397
22109,Terrebonne Parish,LA,NA,0.6349206349206349
22111,Union Parish,LA,NA,97.90476190476191
22113,Vermilion Parish,LA,NA,86.22222222222223
22115,Vernon Parish,LA,NA,77.52380952380953
22117,Washington Parish,LA,26.49164677804296,3.6825396825396823
22119,Webster Parish,LA,NA,81.01587301587301
22121,West Baton Rouge Parish,LA,NA,55.23809523809524
22123,West Carroll Parish,LA,NA,97.77777777777777
22127,Winn Parish,LA,NA,86.92063492063492
23001,Androscoggin County,ME,NA,45.3968253968254
23003,Aroostook County,ME,NA,93.96825396825396
23005,Cumberland County,ME,NA,20.063492063492063
23007,Franklin County,ME,86.87350835322196,31.936507936507937
23009,Hancock County,ME,NA,84.44444444444444
23011,Kennebec County,ME,NA,33.65079365079365
23013,Knox County,ME,NA,28.57142857142857
23015,Lincoln County,ME,NA,57.2063492063492
23017,Oxford County,ME,66.10978520286396,40.19047619047619
23019,Penobscot County,ME,NA,12.444444444444445
23021,Piscataquis County,ME,NA,77.46031746031747
23025,Somerset County,ME,52.50596658711218,82.03174603174604
23027,Waldo County,ME,95.94272076372316,68.5079365079365
23031,York County,ME,24.58233890214797,33.904761904761905
24001,Allegany County,MD,NA,17.206349206349206
24003,Anne Arundel County,MD,NA,29.26984126984127
24005,Baltimore County,MD,12.887828162291171,18.349206349206348
24011,Caroline County,MD,NA,49.58730158730159
24013,Carroll County,MD,NA,19.11111111111111
24015,Cecil County,MD,82.33890214797135,NA
24017,Charles County,MD,NA,37.079365079365076
24021,Frederick County,MD,NA,16.507936507936506
24023,Garrett County,MD,NA,69.9047619047619
24025,Harford County,MD,NA,23.365079365079367
24027,Howard County,MD,44.868735083532215,NA
24029,Kent County,MD,NA,89.01587301587301
24031,Montgomery County,MD,NA,21.206349206349206
24033,Prince George's County,MD,23.389021479713605,56.82539682539682
24035,Queen Anne's County,MD,NA,48.952380952380956
24043,Washington County,MD,74.7016706443914,7.365079365079365
24047,Worcester County,MD,NA,56.952380952380956
24510,Baltimore city,MD,10.978520286396181,6.730158730158731
25001,Barnstable County,MA,NA,63.55555555555556
25003,Berkshire County,MA,NA,2.984126984126984
25005,Bristol County,MA,1.1933174224343674,56.25396825396825
25009,Essex County,MA,17.899761336515514,52.38095238095239
25011,Franklin County,MA,NA,21.904761904761905
25013,Hampden County,MA,8.83054892601432,12.761904761904763
25015,Hampshire County,MA,NA,18.158730158730158
25017,Middlesex County,MA,5.011933174224343,31.11111111111111
25019,Nantucket County,MA,76.6109785202864,72.6984126984127
25021,Norfolk County,MA,2.1479713603818613,47.682539682539684
25023,Plymouth County,MA,45.10739856801909,43.111111111111114
25025,Suffolk County,MA,0,22.349206349206348
25027,Worcester County,MA,7.398568019093078,11.492063492063492
26005,Allegan County,MI,64.20047732696898,67.74603174603175
26007,Alpena County,MI,NA,93.14285714285714
26009,Antrim County,MI,92.36276849642005,95.80952380952381
26011,Arenac County,MI,85.91885441527445,NA
26015,Barry County,MI,NA,64.76190476190476
26017,Bay County,MI,39.856801909307876,69.07936507936509
26019,Benzie County,MI,NA,89.46031746031747
26021,Berrien County,MI,NA,78.03174603174602
26023,Branch County,MI,NA,17.904761904761905
26025,Calhoun County,MI,30.071599045346066,27.68253968253968
26027,Cass County,MI,71.83770883054893,86.34920634920636
26029,Charlevoix County,MI,NA,80.63492063492063
26031,Cheboygan County,MI,NA,92.12698412698413
26033,Chippewa County,MI,NA,27.174603174603174
26035,Clare County,MI,NA,31.61904761904762
26037,Clinton County,MI,NA,43.87301587301587
26041,Delta County,MI,NA,88.19047619047619
26043,Dickinson County,MI,90.21479713603819,61.079365079365076
26045,Eaton County,MI,NA,24.952380952380953
26047,Emmet County,MI,NA,29.333333333333332
26049,Genesee County,MI,56.085918854415276,42.03174603174603
26051,Gladwin County,MI,78.28162291169451,NA
26053,Gogebic County,MI,NA,58.92063492063492
26055,Grand Traverse County,MI,NA,94.22222222222221
26057,Gratiot County,MI,NA,66.28571428571428
26059,Hillsdale County,MI,NA,91.17460317460318
26061,Houghton County,MI,NA,93.9047619047619
26063,Huron County,MI,NA,53.84126984126985
26065,Ingham County,MI,NA,50.66666666666667
26069,Iosco County,MI,NA,76.5079365079365
26071,Iron County,MI,NA,97.52380952380952
26073,Isabella County,MI,86.15751789976133,NA
26075,Jackson County,MI,NA,11.80952380952381
26077,Kalamazoo County,MI,22.911694510739856,73.26984126984128
26079,Kalkaska County,MI,99.52267303102626,98.09523809523809
26081,Kent County,MI,60.62052505966587,80.38095238095238
26087,Lapeer County,MI,NA,62.66666666666667
26091,Lenawee County,MI,NA,12.95238095238095
26093,Livingston County,MI,NA,26.666666666666668
26099,Macomb County,MI,34.60620525059666,50.031746031746025
26101,Manistee County,MI,89.26014319809069,88.57142857142857
26103,Marquette County,MI,57.279236276849645,74.4126984126984
26107,Mecosta County,MI,NA,55.55555555555556
26111,Midland County,MI,NA,50.476190476190474
26113,Missaukee County,MI,96.4200477326969,90.47619047619048
26115,Monroe County,MI,NA,20.253968253968253
26117,Montcalm County,MI,61.336515513126486,69.33333333333334
26119,Montmorency County,MI,NA,54.095238095238095
26121,Muskegon County,MI,71.1217183770883,80.6984126984127
26123,Newaygo County,MI,NA,16
26125,Oakland County,MI,40.334128878281625,64
26127,Oceana County,MI,NA,79.4920634920635
26129,Ogemaw County,MI,NA,78.41269841269842
26131,Ontonagon County,MI,NA,98.28571428571429
26133,Osceola County,MI,89.49880668257757,91.74603174603175
26137,Otsego County,MI,NA,59.93650793650793
26139,Ottawa County,MI,51.07398568019092,89.26984126984127
26141,Presque Isle County,MI,NA,64.63492063492063
26143,Roscommon County,MI,NA,89.58730158730158
26145,Saginaw County,MI,48.92601431980907,53.96825396825397
26147,St. Clair County,MI,NA,26.158730158730158
26149,St. Joseph County,MI,NA,62.15873015873016
26151,Sanilac County,MI,NA,25.71428571428571
26153,Schoolcraft County,MI,NA,98.22222222222223
26155,Shiawassee County,MI,52.74463007159904,3.301587301587302
26157,Tuscola County,MI,NA,44.25396825396825
26159,Van Buren County,MI,44.630071599045344,73.90476190476191
26161,Washtenaw County,MI,13.60381861575179,1.0793650793650795
26163,Wayne County,MI,10.501193317422434,29.58730158730159
26165,Wexford County,MI,87.82816229116945,36.888888888888886
27001,Aitkin County,MN,NA,95.3015873015873
27003,Anoka County,MN,NA,23.61904761904762
27005,Becker County,MN,NA,26.984126984126984
27007,Beltrami County,MN,49.40334128878281,74.28571428571429
27011,Big Stone County,MN,NA,98.66666666666667
27013,Blue Earth County,MN,69.92840095465394,NA
27015,Brown County,MN,NA,87.1111111111111
27017,Carlton County,MN,NA,37.96825396825397
27019,Carver County,MN,63.24582338902148,67.55555555555556
27023,Chippewa County,MN,NA,80.44444444444444
27025,Chisago County,MN,NA,34.22222222222222
27027,Clay County,MN,NA,34.03174603174603
27033,Cottonwood County,MN,96.89737470167064,NA
27035,Crow Wing County,MN,NA,63.61904761904762
27037,Dakota County,MN,NA,36.63492063492064
27039,Dodge County,MN,NA,87.23809523809524
27041,Douglas County,MN,79.47494033412887,96.88888888888889
27045,Fillmore County,MN,NA,88.12698412698413
27047,Freeborn County,MN,NA,35.61904761904762
27053,Hennepin County,MN,6.443914081145586,47.74603174603175
27055,Houston County,MN,NA,40.38095238095238
27061,Itasca County,MN,NA,66.0952380952381
27067,Kandiyohi County,MN,NA,65.07936507936508
27073,Lac qui Parle County,MN,NA,98.47619047619047
27083,Lyon County,MN,NA,47.93650793650794
27085,McLeod County,MN,NA,60
27091,Martin County,MN,NA,58.6031746031746
27097,Morrison County,MN,NA,66.7936507936508
27099,Mower County,MN,55.36992840095465,91.4920634920635
27101,Murray County,MN,NA,96.57142857142857
27103,Nicollet County,MN,NA,74.60317460317461
27109,Olmsted County,MN,NA,52.317460317460316
27111,Otter Tail County,MN,NA,57.333333333333336
27113,Pennington County,MN,NA,80.82539682539682
27119,Polk County,MN,NA,51.17460317460317
27121,Pope County,MN,NA,93.3968253968254
27123,Ramsey County,MN,4.05727923627685,14.857142857142858
27129,Renville County,MN,NA,94.15873015873017
27135,Roseau County,MN,NA,90.28571428571428
27137,St. Louis County,MN,26.014319809069214,76.76190476190476
27139,Scott County,MN,37.47016706443914,42.095238095238095
27141,Sherburne County,MN,NA,71.93650793650794
27145,Stearns County,MN,NA,70.60317460317461
27149,Stevens County,MN,NA,78.66666666666666
27151,Swift County,MN,NA,98.53968253968254
27153,Todd County,MN,NA,72.95238095238096
27157,Wabasha County,MN,NA,68.44444444444444
27159,Wadena County,MN,73.74701670644392,NA
27161,Waseca County,MN,NA,46.03174603174603
27163,Washington County,MN,NA,44.38095238095238
27165,Watonwan County,MN,NA,61.71428571428571
27167,Wilkin County,MN,NA,90.60317460317461
27169,Winona County,MN,NA,9.269841269841269
27171,Wright County,MN,NA,29.142857142857142
28003,Alcorn County,MS,NA,53.01587301587302
28011,Bolivar County,MS,NA,40.63492063492063
28029,Copiah County,MS,NA,41.77777777777778
28031,Covington County,MS,NA,79.74603174603175
28039,George County,MS,66.34844868735084,NA
28043,Grenada County,MS,NA,56.19047619047619
28045,Hancock County,MS,NA,55.74603174603175
28047,Harrison County,MS,35.08353221957041,39.682539682539684
28049,Hinds County,MS,36.51551312649165,20
28051,Holmes County,MS,NA,78.85714285714286
28053,Humphreys County,MS,NA,93.26984126984127
28059,Jackson County,MS,39.618138424821005,22.095238095238095
28071,Lafayette County,MS,80.42959427207637,NA
28073,Lamar County,MS,NA,27.936507936507937
28079,Leake County,MS,NA,50.60317460317461
28085,Lincoln County,MS,NA,35.301587301587304
28087,Lowndes County,MS,NA,19.555555555555557
28091,Marion County,MS,NA,74.66666666666667
28095,Monroe County,MS,NA,26.920634920634924
28099,Neshoba County,MS,NA,51.04761904761905
28105,Oktibbeha County,MS,NA,89.90476190476191
28107,Panola County,MS,NA,51.36507936507937
28109,Pearl River County,MS,NA,45.714285714285715
28121,Rankin County,MS,33.41288782816229,2.857142857142857
28123,Scott County,MS,60.859188544152744,28.19047619047619
28127,Simpson County,MS,NA,77.84126984126985
28133,Sunflower County,MS,NA,70.98412698412699
28139,Tippah County,MS,NA,83.4920634920635
28147,Walthall County,MS,NA,59.04761904761905
28153,Wayne County,MS,NA,68.95238095238095
28163,Yazoo County,MS,NA,61.84126984126984
29003,Andrew County,MO,NA,91.11111111111111
29009,Barry County,MO,68.25775656324582,44.761904761904766
29011,Barton County,MO,NA,86.73015873015873
29013,Bates County,MO,NA,88.82539682539684
29015,Benton County,MO,NA,36.06349206349206
29019,Boone County,MO,NA,2.7936507936507935
29021,Buchanan County,MO,NA,91.04761904761904
29027,Callaway County,MO,NA,31.80952380952381
29029,Camden County,MO,NA,78.60317460317461
29031,Cape Girardeau County,MO,NA,11.238095238095239
29037,Cass County,MO,NA,3.111111111111111
29043,Christian County,MO,NA,78.47619047619048
29047,Clay County,MO,27.923627684964202,37.904761904761905
29049,Clinton County,MO,NA,66.66666666666666
29059,Dallas County,MO,NA,69.3968253968254
29065,Dent County,MO,NA,73.71428571428571
29067,Douglas County,MO,NA,80.95238095238095
29069,Dunklin County,MO,67.30310262529832,NA
29071,Franklin County,MO,NA,63.04761904761905
29073,Gasconade County,MO,93.55608591885442,63.36507936507937
29077,Greene County,MO,NA,22.158730158730158
29079,Grundy County,MO,NA,81.2063492063492
29081,Harrison County,MO,NA,96.25396825396825
29083,Henry County,MO,NA,90.66666666666666
29091,Howell County,MO,NA,55.61904761904762
29095,Jackson County,MO,11.694510739856803,10.793650793650794
29097,Jasper County,MO,25.53699284009546,24.38095238095238
29099,Jefferson County,MO,30.310262529832936,58.53968253968254
29105,Laclede County,MO,72.31503579952268,65.46031746031747
29109,Lawrence County,MO,NA,48.38095238095238
29113,Lincoln County,MO,NA,51.49206349206349
29115,Linn County,MO,NA,84.12698412698413
29117,Livingston County,MO,NA,42.41269841269841
29121,Macon County,MO,NA,88.31746031746032
29123,Madison County,MO,NA,65.33333333333333
29127,Marion County,MO,NA,47.42857142857143
29131,Miller County,MO,NA,68.57142857142857
29133,Mississippi County,MO,89.73747016706443,58.666666666666664
29135,Moniteau County,MO,NA,85.52380952380952
29141,Morgan County,MO,NA,57.904761904761905
29147,Nodaway County,MO,NA,60.1904761904762
29149,Oregon County,MO,NA,66.60317460317461
29157,Perry County,MO,NA,77.14285714285715
29159,Pettis County,MO,NA,14.34920634920635
29161,Phelps County,MO,NA,48.888888888888886
29163,Pike County,MO,90.69212410501193,NA
29165,Platte County,MO,NA,18.666666666666668
29167,Polk County,MO,NA,89.77777777777777
29177,Ray County,MO,NA,31.301587301587304
29183,St. Charles County,MO,NA,11.428571428571429
29185,St. Clair County,MO,NA,84.6984126984127
29187,St. Francois County,MO,NA,50.73015873015873
29189,St. Louis County,MO,NA,46.285714285714285
29201,Scott County,MO,NA,69.01587301587301
29207,Stoddard County,MO,NA,70.92063492063491
29213,Taney County,MO,NA,18.73015873015873
29217,Vernon County,MO,NA,52.6984126984127
29219,Warren County,MO,76.13365155131265,NA
29510,St. Louis city,MO,NA,28.888888888888886
30001,Beaverhead County,MT,NA,76.82539682539684
30007,Broadwater County,MT,NA,99.04761904761905
30013,Cascade County,MT,NA,44.63492063492063
30017,Custer County,MT,NA,76.95238095238095
30023,Deer Lodge County,MT,NA,88
30027,Fergus County,MT,NA,98.98412698412699
30029,Flathead County,MT,NA,85.84126984126983
30031,Gallatin County,MT,NA,45.26984126984127
30041,Hill County,MT,NA,75.23809523809524
30053,Lincoln County,MT,NA,39.17460317460317
30063,Missoula County,MT,NA,90.15873015873017
30081,Ravalli County,MT,NA,82.47619047619048
30089,Sanders County,MT,NA,96.06349206349206
30093,Silver Bow County,MT,NA,85.71428571428571
30111,Yellowstone County,MT,NA,50.79365079365079
31001,Adams County,NE,NA,74.03174603174602
31039,Cuming County,NE,NA,99.87301587301587
31045,Dawes County,NE,NA,94.85714285714286
31047,Dawson County,NE,NA,73.07936507936508
31055,Douglas County,NE,14.797136038186157,26.095238095238095
31093,Howard County,NE,NA,100
31095,Jefferson County,NE,NA,96.38095238095238
31109,Lancaster County,NE,35.79952267303103,2.2857142857142856
31111,Lincoln County,NE,NA,78.15873015873017
31119,Madison County,NE,NA,55.3015873015873
31141,Platte County,NE,NA,53.52380952380953
31145,Red Willow County,NE,NA,77.71428571428571
31147,Richardson County,NE,NA,95.55555555555556
31151,Saline County,NE,NA,99.80952380952381
31153,Sarpy County,NE,53.93794749403341,20.634920634920633
31157,Scotts Bluff County,NE,NA,46.85714285714286
31179,Wayne County,NE,NA,99.74603174603175
31185,York County,NE,NA,89.96825396825396
32003,Clark County,NV,NA,23.873015873015873
32007,Elko County,NV,88.78281622911695,NA
32019,Lyon County,NV,NA,51.61904761904762
32031,Washoe County,NV,39.140811455847256,47.55555555555556
32510,Carson City,NV,NA,17.015873015873016
33001,Belknap County,NH,NA,75.36507936507937
33003,Carroll County,NH,NA,70.0952380952381
33005,Cheshire County,NH,NA,32.25396825396825
33007,Coos County,NH,NA,68.06349206349206
33009,Grafton County,NH,NA,73.2063492063492
33011,Hillsborough County,NH,56.56324582338902,71.3015873015873
33013,Merrimack County,NH,NA,49.26984126984127
33015,Rockingham County,NH,NA,41.904761904761905
33017,Strafford County,NH,NA,9.714285714285714
33019,Sullivan County,NH,NA,80.06349206349206
34001,Atlantic County,NJ,NA,32.63492063492063
34003,Bergen County,NJ,53.699284009546545,4.380952380952381
34005,Burlington County,NJ,NA,2.6031746031746033
34007,Camden County,NJ,NA,1.8412698412698412
34009,Cape May County,NJ,41.766109785202865,28.38095238095238
34011,Cumberland County,NJ,NA,2.7301587301587302
34013,Essex County,NJ,NA,8.190476190476192
34015,Gloucester County,NJ,NA,10.476190476190476
34017,Hudson County,NJ,NA,4.634920634920634
34021,Mercer County,NJ,NA,18.984126984126984
34023,Middlesex County,NJ,NA,0.8253968253968255
34025,Monmouth County,NJ,NA,5.4603174603174605
34027,Morris County,NJ,NA,15.365079365079366
34029,Ocean County,NJ,NA,20.38095238095238
34031,Passaic County,NJ,NA,9.777777777777779
34033,Salem County,NJ,69.68973747016707,80.31746031746032
34035,Somerset County,NJ,NA,0.4444444444444444
34037,Sussex County,NJ,NA,13.460317460317462
34039,Union County,NJ,NA,13.396825396825395
34041,Warren County,NJ,NA,20.952380952380953
35001,Bernalillo County,NM,36.27684964200477,45.14285714285714
35005,Chaves County,NM,NA,12.380952380952381
35009,Curry County,NM,NA,37.142857142857146
35015,Eddy County,NM,NA,15.11111111111111
35025,Lea County,NM,77.80429594272077,NA
35028,Los Alamos County,NM,NA,60.88888888888889
35031,McKinley County,NM,NA,52.57142857142857
35035,Otero County,NM,NA,7.428571428571429
35041,Roosevelt County,NM,NA,56.6984126984127
35043,Sandoval County,NM,NA,63.42857142857142
35045,San Juan County,NM,36.9928400954654,43.36507936507937
35049,Santa Fe County,NM,74.46300715990454,37.39682539682539
35055,Taos County,NM,82.81622911694511,NA
35061,Valencia County,NM,NA,16.19047619047619
36001,Albany County,NY,28.878281622911693,49.39682539682539
36003,Allegany County,NY,NA,34.349206349206355
36005,Bronx County,NY,2.6252983293556085,14.666666666666666
36007,Broome County,NY,42.004773269689736,34.476190476190474
36009,Cattaraugus County,NY,52.98329355608592,62.98412698412699
36011,Cayuga County,NY,NA,17.333333333333336
36013,Chautauqua County,NY,NA,22.73015873015873
36015,Chemung County,NY,NA,53.2063492063492
36017,Chenango County,NY,51.78997613365155,73.14285714285714
36019,Clinton County,NY,NA,2.158730158730159
36021,Columbia County,NY,NA,97.5873015873016
36023,Cortland County,NY,NA,6.412698412698413
36025,Delaware County,NY,NA,46.92063492063492
36027,Dutchess County,NY,NA,9.142857142857142
36029,Erie County,NY,NA,10.920634920634921
36031,Essex County,NY,NA,41.714285714285715
36033,Franklin County,NY,NA,81.65079365079364
36035,Fulton County,NY,NA,16.952380952380953
36037,Genesee County,NY,NA,20.57142857142857
36039,Greene County,NY,NA,91.36507936507937
36043,Herkimer County,NY,NA,55.17460317460318
36045,Jefferson County,NY,NA,34.6031746031746
36047,Kings County,NY,21.71837708830549,8.507936507936508
36049,Lewis County,NY,NA,95.68253968253968
36051,Livingston County,NY,53.22195704057279,71.68253968253968
36053,Madison County,NY,NA,49.079365079365076
36055,Monroe County,NY,17.18377088305489,43.93650793650794
36057,Montgomery County,NY,NA,71.74603174603175
36059,Nassau County,NY,NA,18.03174603174603
36061,New York County,NY,1.6706443914081146,16.825396825396826
36063,Niagara County,NY,66.5871121718377,16.253968253968253
36065,Oneida County,NY,NA,62.095238095238095
36067,Onondaga County,NY,7.637231503579953,40.12698412698413
36069,Ontario County,NY,NA,28.76190476190476
36071,Orange County,NY,NA,32.44444444444444
36073,Orleans County,NY,NA,8.761904761904763
36075,Oswego County,NY,27.44630071599045,53.65079365079365
36077,Otsego County,NY,NA,42.34920634920635
36081,Queens County,NY,38.66348448687351,17.396825396825395
36083,Rensselaer County,NY,68.4964200477327,71.4920634920635
36085,Richmond County,NY,NA,14.793650793650794
36087,Rockland County,NY,NA,56.507936507936506
36089,St. Lawrence County,NY,37.23150357995227,35.55555555555556
36091,Saratoga County,NY,31.26491646778043,21.523809523809522
36093,Schenectady County,NY,NA,49.714285714285715
36095,Schoharie County,NY,79.95226730310262,32.57142857142858
36101,Steuben County,NY,55.131264916467785,77.33333333333333
36103,Suffolk County,NY,15.513126491646778,26.031746031746035
36105,Sullivan County,NY,NA,58.34920634920635
36107,Tioga County,NY,NA,21.96825396825397
36109,Tompkins County,NY,NA,2.4761904761904763
36113,Warren County,NY,NA,35.04761904761905
36117,Wayne County,NY,25.29832935560859,37.523809523809526
36119,Westchester County,NY,NA,27.23809523809524
36121,Wyoming County,NY,NA,42.66666666666667
36123,Yates County,NY,83.7708830548926,NA
37001,Alamance County,NC,33.89021479713604,3.0476190476190474
37003,Alexander County,NC,NA,23.174603174603174
37007,Anson County,NC,NA,92.82539682539682
37009,Ashe County,NC,NA,59.682539682539684
37017,Bladen County,NC,NA,9.079365079365079
37019,Brunswick County,NC,NA,25.841269841269842
37021,Buncombe County,NC,NA,54.47619047619048
37023,Burke County,NC,NA,19.873015873015873
37025,Cabarrus County,NC,NA,12.825396825396826
37027,Caldwell County,NC,NA,9.904761904761905
37031,Carteret County,NC,NA,76.63492063492063
37033,Caswell County,NC,NA,73.5873015873016
37035,Catawba County,NC,NA,25.650793650793652
37039,Cherokee County,NC,76.84964200477327,28.634920634920636
37045,Cleveland County,NC,NA,3.9365079365079367
37049,Craven County,NC,NA,40.44444444444444
37051,Cumberland County,NC,NA,35.492063492063494
37057,Davidson County,NC,23.15035799522673,35.74603174603175
37059,Davie County,NC,59.665871121718375,69.52380952380952
37061,Duplin County,NC,NA,46.095238095238095
37063,Durham County,NC,19.570405727923628,71.42857142857143
37067,Forsyth County,NC,22.195704057279237,68
37069,Franklin County,NC,NA,62.920634920634924
37071,Gaston County,NC,NA,26.222222222222225
37077,Granville County,NC,84.00954653937947,58.285714285714285
37081,Guilford County,NC,11.455847255369928,11.619047619047619
37083,Halifax County,NC,NA,14.15873015873016
37085,Harnett County,NC,NA,41.14285714285714
37087,Haywood County,NC,NA,50.41269841269841
37089,Henderson County,NC,NA,30.412698412698415
37091,Hertford County,NC,NA,38.730158730158735
37097,Iredell County,NC,35.56085918854415,37.26984126984127
37101,Johnston County,NC,NA,20.50793650793651
37111,McDowell County,NC,62.52983293556086,13.777777777777779
37119,Mecklenburg County,NC,NA,29.777777777777775
37125,Moore County,NC,NA,41.460317460317455
37127,Nash County,NC,NA,49.523809523809526
37129,New Hanover County,NC,29.594272076372313,19.174603174603174
37133,Onslow County,NC,42.243436754176614,NA
37135,Orange County,NC,NA,36.952380952380956
37147,Pitt County,NC,33.65155131264916,24.253968253968253
37149,Polk County,NC,NA,56.63492063492064
37151,Randolph County,NC,NA,1.650793650793651
37153,Richmond County,NC,NA,14.539682539682538
37155,Robeson County,NC,NA,33.77777777777778
37157,Rockingham County,NC,NA,9.650793650793652
37159,Rowan County,NC,NA,26.73015873015873
37161,Rutherford County,NC,59.90453460620525,NA
37163,Sampson County,NC,NA,6.095238095238095
37165,Scotland County,NC,93.7947494033413,NA
37167,Stanly County,NC,NA,38.920634920634924
37169,Stokes County,NC,68.97374701670644,78.53968253968254
37171,Surry County,NC,63.48448687350835,74.53968253968254
37173,Swain County,NC,NA,63.93650793650794
37175,Transylvania County,NC,74.22434367541766,22.53968253968254
37179,Union County,NC,NA,7.936507936507936
37181,Vance County,NC,62.05250596658711,11.746031746031745
37183,Wake County,NC,22.434367541766107,48.19047619047619
37187,Washington County,NC,NA,67.11111111111111
37189,Watauga County,NC,NA,52.12698412698412
37191,Wayne County,NC,NA,17.650793650793652
37193,Wilkes County,NC,NA,69.58730158730158
37197,Yadkin County,NC,NA,60.952380952380956
38015,Burleigh County,ND,78.75894988066825,82.22222222222221
38017,Cass County,ND,24.3436754176611,32.698412698412696
38035,Grand Forks County,ND,NA,57.01587301587302
38059,Morton County,ND,NA,29.523809523809526
38061,Mountrail County,ND,NA,98.4126984126984
38077,Richland County,ND,NA,85.77777777777777
38089,Stark County,ND,NA,74.98412698412699
38093,Stutsman County,ND,97.13603818615752,NA
38101,Ward County,ND,83.29355608591885,99.23809523809524
38105,Williams County,ND,NA,45.65079365079365
39003,Allen County,OH,80.1909307875895,96.76190476190476
39005,Ashland County,OH,NA,31.746031746031743
39007,Ashtabula County,OH,NA,33.84126984126984
39009,Athens County,OH,52.2673031026253,60.57142857142858
39011,Auglaize County,OH,61.336515513126486,90.85714285714286
39013,Belmont County,OH,70.40572792362768,70.7936507936508
39017,Butler County,OH,NA,17.58730158730159
39023,Clark County,OH,NA,49.904761904761905
39025,Clermont County,OH,19.09307875894988,12.507936507936506
39027,Clinton County,OH,NA,82.0952380952381
39029,Columbiana County,OH,NA,16.634920634920636
39031,Coshocton County,OH,54.653937947494036,NA
39033,Crawford County,OH,NA,5.523809523809524
39035,Cuyahoga County,OH,4.534606205250596,37.84126984126984
39039,Defiance County,OH,65.39379474940334,23.682539682539684
39041,Delaware County,OH,NA,41.333333333333336
39043,Erie County,OH,NA,48.76190476190476
39047,Fayette County,OH,NA,66.66666666666666
39049,Franklin County,OH,17.66109785202864,40
39051,Fulton County,OH,81.62291169451073,69.71428571428572
39053,Gallia County,OH,NA,72.5079365079365
39055,Geauga County,OH,NA,3.3650793650793656
39057,Greene County,OH,NA,24.88888888888889
39059,Guernsey County,OH,NA,32.88888888888889
39061,Hamilton County,OH,3.8186157517899764,24.063492063492063
39063,Hancock County,OH,NA,81.84126984126983
39065,Hardin County,OH,NA,94.47619047619048
39069,Henry County,OH,NA,50.857142857142854
39071,Highland County,OH,NA,53.46031746031746
39073,Hocking County,OH,NA,82.53968253968253
39077,Huron County,OH,NA,22.6031746031746
39079,Jackson County,OH,43.67541766109785,55.111111111111114
39081,Jefferson County,OH,58.711217183770884,39.87301587301587
39083,Knox County,OH,NA,19.238095238095237
39085,Lake County,OH,NA,59.61904761904761
39087,Lawrence County,OH,NA,16.57142857142857
39089,Licking County,OH,NA,13.84126984126984
39091,Logan County,OH,NA,66.15873015873017
39093,Lorain County,OH,15.990453460620524,64.44444444444444
39095,Lucas County,OH,25.059665871121716,37.77777777777778
39097,Madison County,OH,NA,17.77777777777778
39099,Mahoning County,OH,11.217183770883054,10.412698412698413
39101,Marion County,OH,NA,40.57142857142857
39103,Medina County,OH,NA,26.34920634920635
39105,Meigs County,OH,NA,46.666666666666664
39107,Mercer County,OH,NA,94.53968253968253
39109,Miami County,OH,50.11933174224343,70.53968253968253
39111,Monroe County,OH,NA,75.04761904761905
39113,Montgomery County,OH,28.639618138424822,32
39117,Morrow County,OH,NA,92.76190476190476
39119,Muskingum County,OH,NA,30.22222222222222
39123,Ottawa County,OH,NA,45.46031746031746
39125,Paulding County,OH,82.10023866348448,NA
39127,Perry County,OH,NA,29.904761904761905
39129,Pickaway County,OH,63.961813842482094,NA
39131,Pike County,OH,NA,63.11111111111111
39133,Portage County,OH,NA,28.126984126984127
39135,Preble County,OH,NA,15.682539682539682
39137,Putnam County,OH,NA,81.9047619047619
39139,Richland County,OH,NA,36.38095238095238
39141,Ross County,OH,34.84486873508354,30.28571428571429
39143,Sandusky County,OH,NA,4.507936507936508
39145,Scioto County,OH,67.5417661097852,67.61904761904762
39147,Seneca County,OH,NA,8.88888888888889
39149,Shelby County,OH,63.72315035799523,84.19047619047619
39151,Stark County,OH,7.875894988066825,12.126984126984127
39153,Summit County,OH,NA,2.0317460317460316
39155,Trumbull County,OH,15.035799522673033,15.04761904761905
39157,Tuscarawas County,OH,34.36754176610978,23.047619047619047
39159,Union County,OH,NA,68.31746031746032
39161,Van Wert County,OH,NA,92.25396825396825
39163,Vinton County,OH,NA,84.06349206349206
39165,Warren County,OH,NA,6.476190476190475
39167,Washington County,OH,NA,59.80952380952381
39169,Wayne County,OH,NA,37.714285714285715
39171,Williams County,OH,NA,38.666666666666664
39173,Wood County,OH,NA,67.04761904761905
39175,Wyandot County,OH,NA,89.52380952380953
40001,Adair County,OK,NA,33.523809523809526
40009,Beckham County,OK,NA,94.03174603174604
40011,Blaine County,OK,NA,96.12698412698413
40017,Canadian County,OK,51.3126491646778,NA
40019,Carter County,OK,NA,62.031746031746025
40021,Cherokee County,OK,62.76849642004774,74.85714285714286
40027,Cleveland County,OK,NA,14.73015873015873
40031,Comanche County,OK,NA,4.190476190476191
40039,Custer County,OK,73.0310262529833,96.31746031746032
40041,Delaware County,OK,NA,58.0952380952381
40047,Garfield County,OK,NA,50.28571428571429
40051,Grady County,OK,NA,58.47619047619048
40065,Jackson County,OK,NA,88.44444444444444
40071,Kay County,OK,NA,21.333333333333336
40073,Kingfisher County,OK,NA,73.46031746031746
40079,Le Flore County,OK,NA,27.42857142857143
40083,Logan County,OK,NA,35.80952380952381
40109,Oklahoma County,OK,2.386634844868735,22.476190476190478
40119,Payne County,OK,NA,48
40123,Pontotoc County,OK,NA,57.26984126984127
40125,Pottawatomie County,OK,NA,42.15873015873016
40131,Rogers County,OK,NA,44.952380952380956
40133,Seminole County,OK,88.54415274463007,NA
40135,Sequoyah County,OK,NA,25.96825396825397
40137,Stephens County,OK,NA,53.142857142857146
40143,Tulsa County,OK,NA,4.1269841269841265
40145,Wagoner County,OK,NA,57.3968253968254
40153,Woodward County,OK,NA,66.85714285714286
41003,Benton County,OR,NA,61.904761904761905
41005,Clackamas County,OR,NA,3.5555555555555554
41007,Clatsop County,OR,NA,59.42857142857143
41009,Columbia County,OR,NA,55.492063492063494
41011,Coos County,OR,NA,12.634920634920634
41013,Crook County,OR,NA,64.88888888888889
41015,Curry County,OR,NA,73.77777777777777
41017,Deschutes County,OR,NA,62.41269841269841
41019,Douglas County,OR,86.63484486873509,57.96825396825397
41025,Harney County,OR,NA,90.7936507936508
41027,Hood River County,OR,NA,82.98412698412699
41029,Jackson County,OR,NA,58.98412698412698
41031,Jefferson County,OR,NA,55.42857142857143
41033,Josephine County,OR,NA,29.841269841269842
41035,Klamath County,OR,NA,42.857142857142854
41037,Lake County,OR,NA,82.15873015873015
41039,Lane County,OR,NA,0.06349206349206349
41043,Linn County,OR,NA,22.92063492063492
41045,Malheur County,OR,78.52028639618138,58.666666666666664
41047,Marion County,OR,NA,36.82539682539683
41049,Morrow County,OR,91.16945107398568,NA
41051,Multnomah County,OR,NA,11.365079365079366
41053,Polk County,OR,77.32696897374701,14.476190476190476
41057,Tillamook County,OR,NA,82.6031746031746
41059,Umatilla County,OR,NA,19.746031746031743
41061,Union County,OR,70.88305489260142,65.39682539682539
41065,Wasco County,OR,85.68019093078759,66.34920634920634
41067,Washington County,OR,NA,39.80952380952381
41071,Yamhill County,OR,58.233890214797135,73.39682539682539
42001,Adams County,PA,NA,84.31746031746032
42003,Allegheny County,PA,6.205250596658711,16.88888888888889
42007,Beaver County,PA,NA,34.539682539682545
42009,Bedford County,PA,NA,30.158730158730158
42011,Berks County,PA,8.1145584725537,27.365079365079364
42013,Blair County,PA,40.572792362768496,31.365079365079364
42015,Bradford County,PA,NA,22.984126984126984
42017,Bucks County,PA,NA,33.714285714285715
42019,Butler County,PA,NA,16.761904761904763
42021,Cambria County,PA,68.73508353221956,8.825396825396826
42023,Cameron County,PA,NA,93.01587301587301
42025,Carbon County,PA,NA,36.57142857142857
42027,Centre County,PA,NA,54.41269841269841
42029,Chester County,PA,NA,0.7619047619047619
42033,Clearfield County,PA,54.17661097852029,54.539682539682545
42035,Clinton County,PA,NA,56.44444444444444
42037,Columbia County,PA,NA,18.22222222222222
42039,Crawford County,PA,NA,3.1746031746031744
42041,Cumberland County,PA,NA,19.047619047619047
42043,Dauphin County,PA,NA,5.015873015873016
42045,Delaware County,PA,NA,6.984126984126984
42049,Erie County,PA,20.52505966587112,6.857142857142858
42051,Fayette County,PA,NA,11.047619047619047
42055,Franklin County,PA,NA,13.904761904761905
42059,Greene County,PA,NA,37.58730158730159
42061,Huntingdon County,PA,NA,86.60317460317461
42063,Indiana County,PA,NA,67.87301587301587
42065,Jefferson County,PA,84.24821002386635,4.888888888888889
42067,Juniata County,PA,NA,82.85714285714286
42069,Lackawanna County,PA,26.730310262529834,63.87301587301587
42071,Lancaster County,PA,NA,9.015873015873016
42073,Lawrence County,PA,NA,20.317460317460316
42075,Lebanon County,PA,NA,0.25396825396825395
42077,Lehigh County,PA,31.026252983293556,7.301587301587302
42079,Luzerne County,PA,15.75178997613365,33.3968253968254
42081,Lycoming County,PA,38.902147971360385,24.761904761904763
42083,McKean County,PA,55.60859188544153,9.841269841269842
42085,Mercer County,PA,42.482100238663485,47.04761904761905
42087,Mifflin County,PA,67.06443914081146,45.96825396825397
42089,Monroe County,PA,NA,43.42857142857143
42091,Montgomery County,PA,17.42243436754177,34.79365079365079
42095,Northampton County,PA,13.365155131264917,25.07936507936508
42097,Northumberland County,PA,NA,33.01587301587301
42099,Perry County,PA,NA,30.03174603174603
42101,Philadelphia County,PA,16.706443914081145,19.301587301587304
42103,Pike County,PA,NA,68.69841269841271
42105,Potter County,PA,NA,63.74603174603175
42107,Schuylkill County,PA,40.81145584725537,29.65079365079365
42109,Snyder County,PA,NA,54.6031746031746
42111,Somerset County,PA,79.71360381861575,56.76190476190476
42115,Susquehanna County,PA,NA,74.22222222222223
42117,Tioga County,PA,NA,52
42119,Union County,PA,NA,58.857142857142854
42121,Venango County,PA,87.58949880668257,NA
42123,Warren County,PA,NA,74.73015873015873
42125,Washington County,PA,46.77804295942721,12.253968253968255
42127,Wayne County,PA,NA,83.04761904761905
42129,Westmoreland County,PA,32.69689737470167,28.31746031746032
42133,York County,PA,52.02863961813843,74.15873015873015
44001,Bristol County,RI,NA,18.285714285714285
44003,Kent County,RI,NA,62.53968253968254
44005,Newport County,RI,NA,50.349206349206355
44007,Providence County,RI,NA,64.5079365079365
44009,Washington County,RI,NA,23.555555555555554
45003,Aiken County,SC,NA,14.412698412698413
45007,Anderson County,SC,75.65632458233891,84.38095238095238
45011,Barnwell County,SC,NA,58.15873015873015
45013,Beaufort County,SC,NA,65.77777777777779
45015,Berkeley County,SC,50.83532219570406,38.857142857142854
45019,Charleston County,SC,NA,50.22222222222222
45021,Cherokee County,SC,NA,40.95238095238095
45031,Darlington County,SC,NA,15.936507936507937
45035,Dorchester County,SC,46.06205250596659,38.41269841269842
45039,Fairfield County,SC,NA,58.03174603174603
45043,Georgetown County,SC,78.99761336515513,40.317460317460316
45045,Greenville County,SC,NA,30.539682539682538
45047,Greenwood County,SC,NA,35.17460317460318
45049,Hampton County,SC,NA,79.04761904761905
45051,Horry County,SC,NA,15.80952380952381
45055,Kershaw County,SC,NA,61.904761904761905
45059,Laurens County,SC,NA,12.19047619047619
45063,Lexington County,SC,51.551312649164686,39.42857142857143
45067,Marion County,SC,NA,35.682539682539684
45069,Marlboro County,SC,NA,59.87301587301588
45071,Newberry County,SC,NA,38.15873015873016
45073,Oconee County,SC,NA,44.507936507936506
45075,Orangeburg County,SC,NA,48.82539682539683
45077,Pickens County,SC,NA,13.079365079365079
45079,Richland County,SC,47.49403341288782,65.2063492063492
45083,Spartanburg County,SC,NA,15.492063492063494
45085,Sumter County,SC,NA,9.968253968253968
45089,Williamsburg County,SC,NA,49.65079365079365
45091,York County,SC,64.67780429594272,1.9047619047619049
46005,Beadle County,SD,NA,78.34920634920634
46011,Brookings County,SD,NA,67.17460317460318
46013,Brown County,SD,61.813842482100235,63.8095238095238
46019,Butte County,SD,NA,80.76190476190476
46033,Custer County,SD,NA,91.93650793650794
46035,Davison County,SD,NA,79.42857142857143
46047,Fall River County,SD,NA,99.68253968253968
46051,Grant County,SD,NA,98.03174603174604
46079,Lake County,SD,NA,60.698412698412696
46081,Lawrence County,SD,NA,50.920634920634924
46093,Meade County,SD,NA,81.46031746031746
46099,Minnehaha County,SD,49.16467780429594,74.47619047619047
46103,Pennington County,SD,NA,81.3968253968254
46113,Shannon County,SD,NA,83.17460317460318
46135,Yankton County,SD,95.22673031026252,NA
47007,Bledsoe County,TN,NA,83.42857142857143
47017,Carroll County,TN,NA,84.63492063492063
47019,Carter County,TN,NA,36.19047619047619
47021,Cheatham County,TN,NA,45.01587301587301
47025,Claiborne County,TN,77.56563245823389,72.06349206349206
47027,Clay County,TN,NA,85.07936507936508
47029,Cocke County,TN,67.78042959427208,20.6984126984127
47035,Cumberland County,TN,NA,6.92063492063492
47037,Davidson County,TN,5.727923627684964,12.88888888888889
47041,DeKalb County,TN,NA,57.52380952380952
47043,Dickson County,TN,NA,23.42857142857143
47047,Fayette County,TN,NA,52.507936507936506
47051,Franklin County,TN,NA,51.42857142857142
47055,Giles County,TN,NA,78.0952380952381
47059,Greene County,TN,NA,13.523809523809524
47063,Hamblen County,TN,NA,10.857142857142858
47065,Hamilton County,TN,NA,4.444444444444445
47069,Hardeman County,TN,NA,62.22222222222222
47071,Hardin County,TN,NA,72.25396825396825
47073,Hawkins County,TN,81.38424821002387,67.42857142857143
47079,Henry County,TN,NA,39.74603174603175
47081,Hickman County,TN,NA,50.095238095238095
47085,Humphreys County,TN,91.8854415274463,NA
47089,Jefferson County,TN,NA,11.682539682539684
47091,Johnson County,TN,NA,57.58730158730159
47093,Knox County,TN,NA,16.380952380952383
47097,Lauderdale County,TN,NA,52.63492063492063
47099,Lawrence County,TN,78.04295942720763,92.95238095238095
47101,Lewis County,TN,NA,89.33333333333333
47103,Lincoln County,TN,NA,39.111111111111114
47105,Loudon County,TN,NA,57.460317460317455
47107,McMinn County,TN,NA,49.77777777777778
47109,McNairy County,TN,NA,45.52380952380952
47119,Maury County,TN,73.26968973747017,95.11111111111111
47123,Monroe County,TN,NA,10.984126984126984
47125,Montgomery County,TN,NA,21.58730158730159
47133,Overton County,TN,NA,92.19047619047619
47135,Perry County,TN,NA,83.11111111111111
47139,Polk County,TN,NA,79.55555555555556
47141,Putnam County,TN,56.324582338902154,4.825396825396826
47143,Rhea County,TN,NA,24.31746031746032
47145,Roane County,TN,57.04057279236277,53.9047619047619
47147,Robertson County,TN,NA,15.555555555555555
47149,Rutherford County,TN,NA,17.46031746031746
47155,Sevier County,TN,NA,41.3968253968254
47157,Shelby County,TN,NA,8.317460317460318
47163,Sullivan County,TN,31.742243436754176,4.571428571428571
47165,Sumner County,TN,NA,1.2063492063492065
47167,Tipton County,TN,NA,24.126984126984127
47177,Warren County,TN,NA,44.888888888888886
47179,Washington County,TN,NA,1.4603174603174605
47181,Wayne County,TN,NA,94.66666666666667
47187,Williamson County,TN,48.44868735083532,61.20634920634921
47189,Wilson County,TN,NA,37.01587301587301
48001,Anderson County,TX,NA,21.142857142857142
48003,Andrews County,TX,94.98806682577565,94.34920634920636
48013,Atascosa County,TX,NA,33.58730158730159
48021,Bastrop County,TX,NA,21.46031746031746
48027,Bell County,TX,69.4510739856802,42.22222222222222
48029,Bexar County,TX,12.649164677804295,0.5714285714285714
48035,Bosque County,TX,NA,88.88888888888889
48037,Bowie County,TX,NA,46.41269841269841
48039,Brazoria County,TX,47.7326968973747,2.2222222222222223
48041,Brazos County,TX,30.787589498806682,65.58730158730158
48049,Brown County,TX,81.86157517899761,68.88888888888889
48051,Burleson County,TX,NA,41.96825396825397
48053,Burnet County,TX,93.31742243436753,NA
48061,Cameron County,TX,NA,5.2063492063492065
48067,Cass County,TX,NA,63.682539682539684
48071,Chambers County,TX,74.94033412887828,41.20634920634921
48073,Cherokee County,TX,93.07875894988067,70.15873015873015
48085,Collin County,TX,8.591885441527445,17.142857142857142
48089,Colorado County,TX,NA,55.93650793650794
48099,Coryell County,TX,NA,79.11111111111111
48113,Dallas County,TX,14.558472553699284,22.793650793650794
48121,Denton County,TX,9.785202863961814,16.6984126984127
48135,Ector County,TX,NA,4.253968253968254
48141,El Paso County,TX,13.842482100238662,28.253968253968253
48143,Erath County,TX,NA,42.73015873015873
48147,Fannin County,TX,NA,65.96825396825396
48157,Fort Bend County,TX,NA,0.8888888888888888
48161,Freestone County,TX,NA,92
48167,Galveston County,TX,10.023866348448687,40.88888888888889
48175,Goliad County,TX,NA,86.47619047619047
48177,Gonzales County,TX,NA,87.61904761904762
48181,Grayson County,TX,NA,18.095238095238095
48183,Gregg County,TX,NA,24.825396825396826
48187,Guadalupe County,TX,NA,13.015873015873018
48199,Hardin County,TX,NA,21.26984126984127
48201,Harris County,TX,15.274463007159905,12.698412698412698
48215,Hidalgo County,TX,1.431980906921241,1.7142857142857144
48221,Hood County,TX,NA,13.206349206349207
48223,Hopkins County,TX,NA,52.82539682539683
48231,Hunt County,TX,NA,14.031746031746032
48245,Jefferson County,TX,26.25298329355609,5.079365079365079
48251,Johnson County,TX,NA,37.65079365079365
48255,Karnes County,TX,NA,87.80952380952381
48257,Kaufman County,TX,NA,8.063492063492063
48281,Lampasas County,TX,NA,76.19047619047619
48285,Lavaca County,TX,NA,86.98412698412699
48293,Limestone County,TX,NA,35.42857142857142
48303,Lubbock County,TX,18.377088305489263,53.714285714285715
48309,McLennan County,TX,NA,8.444444444444445
48321,Matagorda County,TX,NA,34.85714285714286
48329,Midland County,TX,NA,3.8095238095238098
48335,Mitchell County,TX,NA,79.93650793650794
48339,Montgomery County,TX,24.105011933174225,14.095238095238095
48353,Nolan County,TX,NA,54.158730158730165
48355,Nueces County,TX,NA,43.80952380952381
48361,Orange County,TX,NA,8.126984126984127
48367,Parker County,TX,NA,5.587301587301587
48375,Potter County,TX,NA,71.61904761904762
48381,Randall County,TX,NA,13.65079365079365
48389,Reeves County,TX,NA,77.77777777777779
48401,Rusk County,TX,NA,56.888888888888886
48409,San Patricio County,TX,61.09785202863962,NA
48415,Scurry County,TX,NA,46.730158730158735
48423,Smith County,TX,NA,89.20634920634922
48427,Starr County,TX,NA,23.11111111111111
48439,Tarrant County,TX,0.23866348448687352,11.555555555555555
48441,Taylor County,TX,NA,3.428571428571429
48451,Tom Green County,TX,NA,7.492063492063491
48453,Travis County,TX,6.921241050119331,8.634920634920636
48457,Tyler County,TX,NA,70.85714285714285
48465,Val Verde County,TX,68.01909307875896,92.31746031746032
48467,Van Zandt County,TX,NA,84.95238095238096
48477,Washington County,TX,NA,33.33333333333333
48479,Webb County,TX,NA,49.01587301587302
48481,Wharton County,TX,NA,83.55555555555556
48485,Wichita County,TX,NA,4.063492063492063
48487,Wilbarger County,TX,95.70405727923628,NA
48491,Williamson County,TX,NA,37.333333333333336
48499,Wood County,TX,NA,90.0952380952381
49003,Box Elder County,UT,NA,59.3015873015873
49005,Cache County,UT,80.66825775656325,29.46031746031746
49011,Davis County,UT,28.400954653937948,45.33333333333333
49021,Iron County,UT,NA,43.682539682539684
49035,Salt Lake County,UT,NA,13.142857142857142
49043,Summit County,UT,NA,69.65079365079364
49045,Tooele County,UT,NA,12.063492063492063
49049,Utah County,UT,20.286396181384248,57.841269841269835
49051,Wasatch County,UT,92.84009546539379,NA
49053,Washington County,UT,59.427207637231504,2.3492063492063493
49057,Weber County,UT,NA,15.301587301587302
50007,Chittenden County,VT,NA,7.555555555555555
50021,Rutland County,VT,NA,75.42857142857143
50023,Washington County,VT,NA,32.95238095238095
50025,Windham County,VT,NA,72.82539682539682
50027,Windsor County,VT,NA,64.57142857142857
51003,Albemarle County,VA,59.188544152744626,51.55555555555556
51005,Alleghany County,VA,NA,35.11111111111111
51009,Amherst County,VA,NA,66.53968253968254
51013,Arlington County,VA,NA,17.07936507936508
51015,Augusta County,VA,NA,23.936507936507937
51019,Bedford County,VA,NA,54.7936507936508
51031,Campbell County,VA,NA,41.84126984126984
51033,Caroline County,VA,NA,89.14285714285714
51041,Chesterfield County,VA,NA,8.698412698412698
51043,Clarke County,VA,NA,90.22222222222223
51047,Culpeper County,VA,NA,54.285714285714285
51057,Essex County,VA,98.56801909307876,88.76190476190476
51059,Fairfax County,VA,3.341288782816229,14.920634920634921
51067,Franklin County,VA,NA,25.523809523809526
51069,Frederick County,VA,NA,76.88888888888889
51071,Giles County,VA,NA,97.65079365079366
51073,Gloucester County,VA,100,NA
51079,Greene County,VA,75.89498806682577,NA
51081,Greensville County,VA,NA,67.4920634920635
51083,Halifax County,VA,80.90692124105013,58.7936507936508
51085,Hanover County,VA,NA,31.047619047619047
51087,Henrico County,VA,NA,10.158730158730158
51089,Henry County,VA,NA,54.03174603174603
51095,James City County,VA,NA,20.825396825396826
51101,King William County,VA,NA,72.38095238095238
51105,Lee County,VA,NA,69.14285714285714
51107,Loudoun County,VA,NA,21.650793650793652
51109,Louisa County,VA,NA,19.80952380952381
51111,Lunenburg County,VA,NA,69.96825396825398
51117,Mecklenburg County,VA,NA,41.079365079365076
51133,Northumberland County,VA,NA,94.0952380952381
51135,Nottoway County,VA,NA,89.65079365079364
51137,Orange County,VA,NA,41.269841269841265
51139,Page County,VA,84.96420047732697,83.61904761904762
51141,Patrick County,VA,NA,63.17460317460317
51145,Powhatan County,VA,91.40811455847255,56.00000000000001
51153,Prince William County,VA,NA,17.269841269841272
51155,Pulaski County,VA,NA,65.65079365079364
51161,Roanoke County,VA,NA,52.95238095238095
51163,Rockbridge County,VA,NA,78.98412698412697
51167,Russell County,VA,NA,28.50793650793651
51169,Scott County,VA,NA,60.63492063492063
51171,Shenandoah County,VA,NA,83.87301587301587
51173,Smyth County,VA,NA,20.19047619047619
51177,Spotsylvania County,VA,NA,62.60317460317461
51179,Stafford County,VA,NA,30.92063492063492
51185,Tazewell County,VA,NA,48.44444444444444
51187,Warren County,VA,NA,74.34920634920636
51191,Washington County,VA,NA,57.65079365079365
51199,York County,VA,NA,65.26984126984127
51510,Alexandria city,VA,NA,4.698412698412699
51550,Chesapeake city,VA,NA,6.031746031746032
51590,Danville city,VA,NA,54.666666666666664
51630,Fredericksburg city,VA,NA,59.17460317460318
51650,Hampton city,VA,NA,1.5238095238095237
51700,Newport News city,VA,21.957040572792362,15.873015873015872
51710,Norfolk city,VA,21.479713603818613,16.063492063492063
51740,Portsmouth city,VA,NA,18.412698412698415
51760,Richmond city,VA,NA,1.0158730158730158
51790,Staunton city,VA,NA,14.984126984126982
51800,Suffolk city,VA,NA,8.952380952380953
51810,Virginia Beach city,VA,NA,8.571428571428571
51820,Waynesboro city,VA,NA,10.53968253968254
51840,Winchester city,VA,NA,51.8095238095238
53005,Benton County,WA,20.763723150357997,39.93650793650794
53007,Chelan County,WA,NA,63.49206349206349
53009,Clallam County,WA,85.44152744630071,67.3015873015873
53011,Clark County,WA,49.64200477326969,50.53968253968254
53015,Cowlitz County,WA,NA,16.317460317460316
53021,Franklin County,WA,43.43675417661098,39.23809523809524
53025,Grant County,WA,NA,64.6984126984127
53029,Island County,WA,NA,60.50793650793651
53031,Jefferson County,WA,NA,59.17460317460318
53033,King County,WA,34.12887828162291,65.01587301587301
53035,Kitsap County,WA,NA,28.444444444444443
53039,Klickitat County,WA,NA,78.73015873015873
53041,Lewis County,WA,NA,49.333333333333336
53045,Mason County,WA,NA,60.12698412698413
53049,Pacific County,WA,NA,83.68253968253968
53053,Pierce County,WA,43.198090692124104,34.98412698412699
53057,Skagit County,WA,76.37231503579952,42.6031746031746
53061,Snohomish County,WA,NA,26.857142857142858
53063,Spokane County,WA,39.37947494033413,40.06349206349206
53065,Stevens County,WA,NA,36.12698412698413
53067,Thurston County,WA,NA,10.095238095238095
53071,Walla Walla County,WA,NA,39.36507936507937
53073,Whatcom County,WA,NA,40.507936507936506
53077,Yakima County,WA,NA,21.3968253968254
54001,Barbour County,WV,84.48687350835323,45.07936507936508
54003,Berkeley County,WV,NA,26.476190476190474
54005,Boone County,WV,NA,96.63492063492065
54009,Brooke County,WV,NA,83.80952380952381
54011,Cabell County,WV,NA,46.539682539682545
54019,Fayette County,WV,NA,39.04761904761905
54023,Grant County,WV,NA,75.68253968253968
54025,Greenbrier County,WV,NA,98.34920634920636
54027,Hampshire County,WV,NA,65.52380952380953
54029,Hancock County,WV,NA,31.873015873015873
54031,Hardy County,WV,97.61336515513126,88.25396825396825
54037,Jefferson County,WV,NA,60.06349206349206
54039,Kanawha County,WV,NA,5.26984126984127
54041,Lewis County,WV,NA,45.77777777777778
54043,Lincoln County,WV,96.18138424821002,92.5079365079365
54049,Marion County,WV,NA,36.507936507936506
54051,Marshall County,WV,NA,65.9047619047619
54053,Mason County,WV,NA,40.76190476190476
54055,Mercer County,WV,NA,70.41269841269842
54057,Mineral County,WV,NA,79.17460317460318
54059,Mingo County,WV,NA,36.76190476190476
54061,Monongalia County,WV,NA,7.6190476190476195
54065,Morgan County,WV,NA,81.58730158730158
54069,Ohio County,WV,NA,7.682539682539683
54073,Pleasants County,WV,NA,75.17460317460318
54079,Putnam County,WV,NA,63.23809523809524
54081,Raleigh County,WV,NA,9.396825396825397
54083,Randolph County,WV,81.14558472553699,89.84126984126985
54087,Roane County,WV,NA,62.349206349206355
54097,Upshur County,WV,NA,24.444444444444443
54099,Wayne County,WV,NA,42.7936507936508
54101,Webster County,WV,NA,92.57142857142857
54107,Wood County,WV,45.58472553699284,65.14285714285715
55003,Ashland County,WI,NA,72.12698412698413
55005,Barron County,WI,NA,59.74603174603175
55007,Bayfield County,WI,NA,94.41269841269842
55009,Brown County,WI,NA,5.968253968253968
55011,Buffalo County,WI,NA,87.93650793650794
55013,Burnett County,WI,90.45346062052506,NA
55015,Calumet County,WI,NA,38.79365079365079
55017,Chippewa County,WI,NA,72.63492063492063
55019,Clark County,WI,NA,97.07936507936508
55021,Columbia County,WI,94.27207637231504,67.68253968253968
55025,Dane County,WI,14.319809069212411,66.22222222222223
55027,Dodge County,WI,NA,31.174603174603178
55029,Door County,WI,NA,64.82539682539684
55031,Douglas County,WI,NA,47.17460317460318
55033,Dunn County,WI,NA,86.66666666666667
55035,Eau Claire County,WI,NA,46.34920634920635
55039,Fond du Lac County,WI,NA,46.476190476190474
55043,Grant County,WI,NA,71.36507936507937
55045,Green County,WI,NA,97.01587301587301
55055,Jefferson County,WI,58.47255369928401,72.44444444444444
55057,Juneau County,WI,NA,41.58730158730159
55059,Kenosha County,WI,41.288782816229116,27.80952380952381
55061,Kewaunee County,WI,NA,58.22222222222222
55063,La Crosse County,WI,NA,30.793650793650794
55067,Langlade County,WI,NA,80
55069,Lincoln County,WI,94.74940334128878,91.87301587301587
55071,Manitowoc County,WI,NA,82.92063492063491
55073,Marathon County,WI,NA,73.96825396825398
55075,Marinette County,WI,NA,43.55555555555555
55079,Milwaukee County,WI,0.7159904534606205,30.666666666666664
55081,Monroe County,WI,NA,44.19047619047619
55083,Oconto County,WI,87.3508353221957,47.61904761904761
55085,Oneida County,WI,NA,87.3015873015873
55087,Outagamie County,WI,NA,13.587301587301587
55089,Ozaukee County,WI,NA,32.12698412698413
55093,Pierce County,WI,NA,36.44444444444444
55095,Polk County,WI,NA,83.74603174603175
55097,Portage County,WI,57.51789976133651,61.77777777777778
55101,Racine County,WI,NA,36.317460317460316
55105,Rock County,WI,71.59904534606206,85.2063492063492
55107,Rusk County,WI,NA,84.88888888888889
55109,St. Croix County,WI,60.14319809069213,38.03174603174603
55111,Sauk County,WI,NA,85.96825396825398
55113,Sawyer County,WI,NA,95.87301587301587
55115,Shawano County,WI,NA,77.65079365079364
55117,Sheboygan County,WI,NA,44.44444444444444
55119,Taylor County,WI,NA,66.98412698412697
55123,Vernon County,WI,NA,76.38095238095238
55125,Vilas County,WI,NA,53.52380952380953
55127,Walworth County,WI,NA,48.57142857142857
55129,Washburn County,WI,NA,83.93650793650794
55131,Washington County,WI,NA,56.12698412698413
55133,Waukesha County,WI,NA,76.06349206349206
55135,Waupaca County,WI,64.43914081145584,57.77777777777777
55139,Winnebago County,WI,NA,1.3968253968253967
55141,Wood County,WI,65.15513126491646,76.25396825396825
56001,Albany County,WY,NA,81.77777777777779
56005,Campbell County,WY,NA,43.492063492063494
56009,Converse County,WY,NA,90.03174603174602
56017,Hot Springs County,WY,NA,93.58730158730158
56019,Johnson County,WY,NA,88.63492063492063
56025,Natrona County,WY,NA,59.55555555555555
56045,Weston County,WY,NA,92.38095238095238
